insert into league (id,league_name) VALUES (1,'Softball');
insert into league (id,league_name) VALUES (2,'Dodgeball');

insert into team (id,team_code,team_name,league_id) VALUES (1,'YKS', 'Yankees',1);
insert into team (id,team_code,team_name,league_id) VALUES (2,'DDG','Dodgers',1);
insert into team (id,team_code,team_name,league_id) VALUES (3,'MRL','Marlins',1);
insert into team (id,team_code,team_name,league_id) VALUES (4,'AVJ','Average Joes',2);
insert into team (id,team_code,team_name,league_id) VALUES (5,'GGPC','Globo Gym Purple Cobras',2);
insert into team (id,team_code,team_name,league_id) VALUES (6,'TBK','Team Blitzkrieg',2);

insert into player (id,full_name,position,team_id) values ( 1, 'Karen Thomas', 'Front Field', 5 );
insert into player (id,full_name,position,team_id) values ( 2, 'Tina Henderson', 'Pitcher', 2 );
insert into player (id,full_name,position,team_id) values ( 3, 'Jeremy Barris', 'Pitcher', 2 );
insert into player (id,full_name,position,team_id) values ( 4, 'Steven Thomas', 'Catcher', 3 );
insert into player (id,full_name,position,team_id) values ( 5, 'Liam Richards', 'Catcher', 3 );
insert into player (id,full_name,position,team_id) values ( 6, 'Liam Smith', 'Back Field', 4 );
insert into player (id,full_name,position,team_id) values ( 7, 'Rob Gold', 'Back Field', 4 );
insert into player (id,full_name,position,team_id) values ( 8, 'Tina Silva', 'Back Field', 4 );
insert into player (id,full_name,position,team_id) values ( 9, 'Chris Pfeiffer', 'Outfield', 1 );
insert into player (id,full_name,position,team_id) values ( 10, 'Tom Broderick', 'Outfield', 1 );
insert into player (id,full_name,position,team_id) values ( 11, 'Liam Weir', 'Pitcher', 2 );
insert into player (id,full_name,position,team_id) values ( 12, 'Larry Broderick', 'Catcher', 3 );
insert into player (id,full_name,position,team_id) values ( 13, 'Adrianne Grossman', 'Back Field', 4 );
insert into player (id,full_name,position,team_id) values ( 14, 'Bill Henderson', 'Pitcher', 2 );
insert into player (id,full_name,position,team_id) values ( 15, 'Jeremy Grossman', 'Back Field', 4 );
insert into player (id,full_name,position,team_id) values ( 16, 'Christine Johnson', 'Back Field', 4 );
insert into player (id,full_name,position,team_id) values ( 17, 'Brian Alchin', 'Outfield', 1 );
insert into player (id,full_name,position,team_id) values ( 18, 'Jeremy Broderick', 'Pitcher', 2 );
insert into player (id,full_name,position,team_id) values ( 19, 'Tom Smith', 'Catcher', 3 );
insert into player (id,full_name,position,team_id) values ( 20, 'John Silva', 'Pitcher', 2 );
insert into player (id,full_name,position,team_id) values ( 21, 'Jill Smith', 'Pitcher', 2 );
insert into player (id,full_name,position,team_id) values ( 22, 'Chris Broderick', 'Outfield', 1 );
insert into player (id,full_name,position,team_id) values ( 23, 'Tom Laware', 'Back Field', 4 );
insert into player (id,full_name,position,team_id) values ( 24, 'Liam Heller', 'Front Field', 5 );
insert into player (id,full_name,position,team_id) values ( 25, 'Deanna Naylor', 'Back Field', 4 );
insert into player (id,full_name,position,team_id) values ( 26, 'Adrianne Naylor', 'Back Field', 4 );
insert into player (id,full_name,position,team_id) values ( 27, 'Mary Henderson', 'Pitcher', 2 );
insert into player (id,full_name,position,team_id) values ( 28, 'Brian Naylor', 'Back Field', 4 );
insert into player (id,full_name,position,team_id) values ( 29, 'Tina Alchin', 'Pitcher', 2 );
insert into player (id,full_name,position,team_id) values ( 30, 'Rob Henderson', 'Catcher', 3 );
insert into player (id,full_name,position,team_id) values ( 31, 'Lynn McKenzie', 'Front Field', 5 );
insert into player (id,full_name,position,team_id) values ( 32, 'Mary Henderson', 'Back Field', 4 );
insert into player (id,full_name,position,team_id) values ( 33, 'Karen Silva', 'Back Field', 4 );
insert into player (id,full_name,position,team_id) values ( 34, 'Lynn Silva', 'Catcher', 3 );
insert into player (id,full_name,position,team_id) values ( 35, 'Rob Henderson', 'Catcher', 3 );
insert into player (id,full_name,position,team_id) values ( 36, 'Chris Pfeiffer', 'Catcher', 3 );
insert into player (id,full_name,position,team_id) values ( 37, 'Rob Smith', 'Pitcher', 2 );
insert into player (id,full_name,position,team_id) values ( 38, 'Adrianne Silva', 'Catcher', 3 );
insert into player (id,full_name,position,team_id) values ( 39, 'Adrianne Laware', 'Back Field', 4 );
insert into player (id,full_name,position,team_id) values ( 40, 'Christine Smith', 'Front Field', 5 );
insert into player (id,full_name,position,team_id) values ( 41, 'Christine Henderson', 'Pitcher', 2 );
insert into player (id,full_name,position,team_id) values ( 42, 'John Broderick', 'Back Field', 4 );
insert into player (id,full_name,position,team_id) values ( 43, 'Tom McKenzie', 'Front Field', 5 );
insert into player (id,full_name,position,team_id) values ( 44, 'Christine Pfeiffer', 'Front Field', 5 );
insert into player (id,full_name,position,team_id) values ( 45, 'Mary Henderson', 'Pitcher', 2 );
insert into player (id,full_name,position,team_id) values ( 46, 'Liam Grossman', 'Pitcher', 2 );
insert into player (id,full_name,position,team_id) values ( 47, 'Tom Barris', 'Back Field', 4 );
insert into player (id,full_name,position,team_id) values ( 48, 'Christine Grossman', 'Catcher', 3 );
insert into player (id,full_name,position,team_id) values ( 49, 'Rob Heller', 'Back Field', 4 );
insert into player (id,full_name,position,team_id) values ( 50, 'Christine Heller', 'Pitcher', 2 );
insert into player (id,full_name,position,team_id) values ( 51, 'John Broderick', 'Pitcher', 2 );
insert into player (id,full_name,position,team_id) values ( 52, 'Tina McKenzie', 'Outfield', 1 );
insert into player (id,full_name,position,team_id) values ( 53, 'Larry Johnson', 'Front Field', 5 );
insert into player (id,full_name,position,team_id) values ( 54, 'Steven Henderson', 'Front Field', 5 );
insert into player (id,full_name,position,team_id) values ( 55, 'Christine McKenzie', 'Outfield', 1 );
insert into player (id,full_name,position,team_id) values ( 56, 'Mary Kent', 'Outfield', 1 );
insert into player (id,full_name,position,team_id) values ( 57, 'Bill Broderick', 'Outfield', 1 );
insert into player (id,full_name,position,team_id) values ( 58, 'Karen Johnson', 'Pitcher', 2 );
insert into player (id,full_name,position,team_id) values ( 59, 'Ken Naylor', 'Front Field', 5 );
insert into player (id,full_name,position,team_id) values ( 60, 'Jill Heller', 'Outfield', 1 );
insert into player (id,full_name,position,team_id) values ( 61, 'Jill McKenzie', 'Outfield', 1 );
insert into player (id,full_name,position,team_id) values ( 62, 'Adrianne Smith', 'Back Field', 4 );
insert into player (id,full_name,position,team_id) values ( 63, 'Jack Smith', 'Front Field', 5 );
insert into player (id,full_name,position,team_id) values ( 64, 'Larry Silva', 'Pitcher', 2 );
insert into player (id,full_name,position,team_id) values ( 65, 'Chris Naylor', 'Back Field', 4 );
insert into player (id,full_name,position,team_id) values ( 66, 'Chris Barris', 'Catcher', 3 );
insert into player (id,full_name,position,team_id) values ( 67, 'Karen Alchin', 'Front Field', 5 );
insert into player (id,full_name,position,team_id) values ( 68, 'Ken McKenzie', 'Outfield', 1 );
insert into player (id,full_name,position,team_id) values ( 69, 'Steven Thomas', 'Front Field', 5 );
insert into player (id,full_name,position,team_id) values ( 70, 'Brian Barris', 'Pitcher', 2 );
insert into player (id,full_name,position,team_id) values ( 71, 'Karen Johnson', 'Catcher', 3 );
insert into player (id,full_name,position,team_id) values ( 72, 'Liam Thomas', 'Catcher', 3 );
insert into player (id,full_name,position,team_id) values ( 73, 'Karen Weir', 'Back Field', 4 );
insert into player (id,full_name,position,team_id) values ( 74, 'John Weir', 'Pitcher', 2 );
insert into player (id,full_name,position,team_id) values ( 75, 'Deanna Naylor', 'Outfield', 1 );
insert into player (id,full_name,position,team_id) values ( 76, 'Mary Barris', 'Outfield', 1 );
insert into player (id,full_name,position,team_id) values ( 77, 'Lynn Weir', 'Front Field', 5 );
insert into player (id,full_name,position,team_id) values ( 78, 'Lynn Henderson', 'Front Field', 5 );
insert into player (id,full_name,position,team_id) values ( 79, 'Adrianne Weir', 'Pitcher', 2 );
insert into player (id,full_name,position,team_id) values ( 80, 'Tom Pfeiffer', 'Back Field', 4 );
insert into player (id,full_name,position,team_id) values ( 81, 'Karen Alchin', 'Outfield', 1 );
insert into player (id,full_name,position,team_id) values ( 82, 'Mary Thomas', 'Catcher', 3 );
insert into player (id,full_name,position,team_id) values ( 83, 'Christine Richards', 'Front Field', 5 );
insert into player (id,full_name,position,team_id) values ( 84, 'Brian Kent', 'Front Field', 5 );
insert into player (id,full_name,position,team_id) values ( 85, 'Brian Barris', 'Outfield', 1 );
insert into player (id,full_name,position,team_id) values ( 86, 'Deanna Smith', 'Back Field', 4 );
insert into player (id,full_name,position,team_id) values ( 87, 'Bill Thomas', 'Pitcher', 2 );
insert into player (id,full_name,position,team_id) values ( 88, 'Tina Pfeiffer', 'Front Field', 5 );
insert into player (id,full_name,position,team_id) values ( 89, 'Karen Broderick', 'Outfield', 1 );
insert into player (id,full_name,position,team_id) values ( 90, 'John Gold', 'Pitcher', 2 );
insert into player (id,full_name,position,team_id) values ( 91, 'Adrianne McKenzie', 'Catcher', 3 );
insert into player (id,full_name,position,team_id) values ( 92, 'Tom Weir', 'Back Field', 4 );
insert into player (id,full_name,position,team_id) values ( 93, 'Tina Kent', 'Outfield', 1 );
insert into player (id,full_name,position,team_id) values ( 94, 'Bill Gold', 'Outfield', 1 );
insert into player (id,full_name,position,team_id) values ( 95, 'Mary Silva', 'Back Field', 4 );
insert into player (id,full_name,position,team_id) values ( 96, 'Lynn Thomas', 'Pitcher', 2 );
insert into player (id,full_name,position,team_id) values ( 97, 'Ken Richards', 'Catcher', 3 );
insert into player (id,full_name,position,team_id) values ( 98, 'Ken Weir', 'Outfield', 1 );
insert into player (id,full_name,position,team_id) values ( 99, 'Tom Richards', 'Back Field', 4 );
insert into player (id,full_name,position,team_id) values ( 100, 'John Weir', 'Catcher', 3 );
insert into player (id,full_name,position,team_id) values ( 101, 'Rob Laware', 'Back Field', 4 );
insert into player (id,full_name,position,team_id) values ( 102, 'Ken Silva', 'Front Field', 5 );
insert into player (id,full_name,position,team_id) values ( 103, 'Ken Silva', 'Front Field', 5 );
insert into player (id,full_name,position,team_id) values ( 104, 'Ken Broderick', 'Outfield', 1 );
insert into player (id,full_name,position,team_id) values ( 105, 'Rob Heller', 'Outfield', 1 );
insert into player (id,full_name,position,team_id) values ( 106, 'Tom Alchin', 'Front Field', 5 );
insert into player (id,full_name,position,team_id) values ( 107, 'Deanna Thomas', 'Catcher', 3 );
insert into player (id,full_name,position,team_id) values ( 108, 'Adrianne Kent', 'Outfield', 1 );
insert into player (id,full_name,position,team_id) values ( 109, 'Jack Kent', 'Catcher', 3 );
insert into player (id,full_name,position,team_id) values ( 110, 'Brian Henderson', 'Pitcher', 2 );
insert into player (id,full_name,position,team_id) values ( 111, 'Deanna Naylor', 'Outfield', 1 );
insert into player (id,full_name,position,team_id) values ( 112, 'John Broderick', 'Pitcher', 2 );
insert into player (id,full_name,position,team_id) values ( 113, 'Chris Naylor', 'Outfield', 1 );
insert into player (id,full_name,position,team_id) values ( 114, 'Karen Smith', 'Back Field', 4 );
insert into player (id,full_name,position,team_id) values ( 115, 'Tina Kent', 'Catcher', 3 );
insert into player (id,full_name,position,team_id) values ( 116, 'Ken Kent', 'Back Field', 4 );
insert into player (id,full_name,position,team_id) values ( 117, 'Mary Weir', 'Catcher', 3 );
insert into player (id,full_name,position,team_id) values ( 118, 'Mary Smith', 'Outfield', 1 );
insert into player (id,full_name,position,team_id) values ( 119, 'Mary Johnson', 'Outfield', 1 );
insert into player (id,full_name,position,team_id) values ( 120, 'Larry Johnson', 'Catcher', 3 );
insert into player (id,full_name,position,team_id) values ( 121, 'Tom Gold', 'Outfield', 1 );
insert into player (id,full_name,position,team_id) values ( 122, 'John Henderson', 'Outfield', 1 );
insert into player (id,full_name,position,team_id) values ( 123, 'Karen Smith', 'Front Field', 5 );
insert into player (id,full_name,position,team_id) values ( 124, 'Tom Weir', 'Outfield', 1 );
insert into player (id,full_name,position,team_id) values ( 125, 'Lynn McKenzie', 'Front Field', 5 );
insert into player (id,full_name,position,team_id) values ( 126, 'Bill Pfeiffer', 'Front Field', 5 );
insert into player (id,full_name,position,team_id) values ( 127, 'Deanna Kent', 'Outfield', 1 );
insert into player (id,full_name,position,team_id) values ( 128, 'Lynn Henderson', 'Outfield', 1 );
insert into player (id,full_name,position,team_id) values ( 129, 'Bill Smith', 'Outfield', 1 );
insert into player (id,full_name,position,team_id) values ( 130, 'Jack Johnson', 'Front Field', 5 );
insert into player (id,full_name,position,team_id) values ( 131, 'Rob Johnson', 'Outfield', 1 );
insert into player (id,full_name,position,team_id) values ( 132, 'Steven Heller', 'Catcher', 3 );
insert into player (id,full_name,position,team_id) values ( 133, 'John Alchin', 'Front Field', 5 );
insert into player (id,full_name,position,team_id) values ( 134, 'Adrianne Alchin', 'Pitcher', 2 );
insert into player (id,full_name,position,team_id) values ( 135, 'Mary Gold', 'Catcher', 3 );
insert into player (id,full_name,position,team_id) values ( 136, 'Lynn Richards', 'Back Field', 4 );
insert into player (id,full_name,position,team_id) values ( 137, 'Adrianne Thomas', 'Back Field', 4 );
insert into player (id,full_name,position,team_id) values ( 138, 'Brian Johnson', 'Front Field', 5 );
insert into player (id,full_name,position,team_id) values ( 139, 'Jill Pfeiffer', 'Pitcher', 2 );
insert into player (id,full_name,position,team_id) values ( 140, 'John Naylor', 'Catcher', 3 );
insert into player (id,full_name,position,team_id) values ( 141, 'Adrianne McKenzie', 'Catcher', 3 );
insert into player (id,full_name,position,team_id) values ( 142, 'Chris Laware', 'Outfield', 1 );
insert into player (id,full_name,position,team_id) values ( 143, 'Brian Broderick', 'Outfield', 1 );
insert into player (id,full_name,position,team_id) values ( 144, 'Christine Richards', 'Back Field', 4 );
insert into player (id,full_name,position,team_id) values ( 145, 'Tom Johnson', 'Pitcher', 2 );
insert into player (id,full_name,position,team_id) values ( 146, 'Liam Gold', 'Pitcher', 2 );
insert into player (id,full_name,position,team_id) values ( 147, 'Liam Smith', 'Outfield', 1 );
insert into player (id,full_name,position,team_id) values ( 148, 'Christine Gold', 'Outfield', 1 );
insert into player (id,full_name,position,team_id) values ( 149, 'Tom Heller', 'Front Field', 5 );
insert into player (id,full_name,position,team_id) values ( 150, 'John Kent', 'Front Field', 5 );
insert into player (id,full_name,position,team_id) values ( 151, 'Ken Johnson', 'Pitcher', 2 );
insert into player (id,full_name,position,team_id) values ( 152, 'Ken Naylor', 'Back Field', 4 );
insert into player (id,full_name,position,team_id) values ( 153, 'Brian Weir', 'Pitcher', 2 );
insert into player (id,full_name,position,team_id) values ( 154, 'Larry Heller', 'Front Field', 5 );
insert into player (id,full_name,position,team_id) values ( 155, 'Deanna Broderick', 'Outfield', 1 );
insert into player (id,full_name,position,team_id) values ( 156, 'Tom Silva', 'Front Field', 5 );
insert into player (id,full_name,position,team_id) values ( 157, 'Christine Naylor', 'Front Field', 5 );
insert into player (id,full_name,position,team_id) values ( 158, 'Chris Thomas', 'Pitcher', 2 );
insert into player (id,full_name,position,team_id) values ( 159, 'Jack Richards', 'Catcher', 3 );
insert into player (id,full_name,position,team_id) values ( 160, 'Christine Broderick', 'Catcher', 3 );
insert into player (id,full_name,position,team_id) values ( 161, 'Tom Henderson', 'Outfield', 1 );
insert into player (id,full_name,position,team_id) values ( 162, 'Christine Broderick', 'Front Field', 5 );
insert into player (id,full_name,position,team_id) values ( 163, 'Rob Alchin', 'Front Field', 5 );
insert into player (id,full_name,position,team_id) values ( 164, 'Ken McKenzie', 'Catcher', 3 );
insert into player (id,full_name,position,team_id) values ( 165, 'Brian Smith', 'Back Field', 4 );
insert into player (id,full_name,position,team_id) values ( 166, 'Christine Henderson', 'Front Field', 5 );
insert into player (id,full_name,position,team_id) values ( 167, 'Adrianne Weir', 'Outfield', 1 );
insert into player (id,full_name,position,team_id) values ( 168, 'Tina Thomas', 'Outfield', 1 );
insert into player (id,full_name,position,team_id) values ( 169, 'Steven Grossman', 'Front Field', 5 );
insert into player (id,full_name,position,team_id) values ( 170, 'Larry Broderick', 'Outfield', 1 );
insert into player (id,full_name,position,team_id) values ( 171, 'Mary Henderson', 'Outfield', 1 );
insert into player (id,full_name,position,team_id) values ( 172, 'Tom Silva', 'Pitcher', 2 );
insert into player (id,full_name,position,team_id) values ( 173, 'Bill Kent', 'Front Field', 5 );
insert into player (id,full_name,position,team_id) values ( 174, 'Larry Gold', 'Pitcher', 2 );
insert into player (id,full_name,position,team_id) values ( 175, 'Jill Johnson', 'Pitcher', 2 );
insert into player (id,full_name,position,team_id) values ( 176, 'John Richards', 'Front Field', 5 );
insert into player (id,full_name,position,team_id) values ( 177, 'Tom Johnson', 'Outfield', 1 );
insert into player (id,full_name,position,team_id) values ( 178, 'Jeremy Laware', 'Outfield', 1 );
insert into player (id,full_name,position,team_id) values ( 179, 'Mary McKenzie', 'Front Field', 5 );
insert into player (id,full_name,position,team_id) values ( 180, 'Christine Smith', 'Catcher', 3 );
insert into player (id,full_name,position,team_id) values ( 181, 'Karen McKenzie', 'Front Field', 5 );
insert into player (id,full_name,position,team_id) values ( 182, 'Chris Johnson', 'Catcher', 3 );
insert into player (id,full_name,position,team_id) values ( 183, 'Bill Richards', 'Back Field', 4 );
insert into player (id,full_name,position,team_id) values ( 184, 'Jill McKenzie', 'Front Field', 5 );
insert into player (id,full_name,position,team_id) values ( 185, 'Jack Alchin', 'Outfield', 1 );
insert into player (id,full_name,position,team_id) values ( 186, 'Bill Richards', 'Pitcher', 2 );
insert into player (id,full_name,position,team_id) values ( 187, 'Steven Alchin', 'Outfield', 1 );
insert into player (id,full_name,position,team_id) values ( 188, 'Jeremy Weir', 'Catcher', 3 );
insert into player (id,full_name,position,team_id) values ( 189, 'Rob Silva', 'Catcher', 3 );
insert into player (id,full_name,position,team_id) values ( 190, 'John Pfeiffer', 'Front Field', 5 );
insert into player (id,full_name,position,team_id) values ( 191, 'Jack Barris', 'Front Field', 5 );
insert into player (id,full_name,position,team_id) values ( 192, 'Chris Henderson', 'Catcher', 3 );
insert into player (id,full_name,position,team_id) values ( 193, 'Tom Barris', 'Back Field', 4 );
insert into player (id,full_name,position,team_id) values ( 194, 'Ken Alchin', 'Catcher', 3 );
insert into player (id,full_name,position,team_id) values ( 195, 'Lynn McKenzie', 'Outfield', 1 );
insert into player (id,full_name,position,team_id) values ( 196, 'Lynn Grossman', 'Catcher', 3 );
insert into player (id,full_name,position,team_id) values ( 197, 'Brian Barris', 'Pitcher', 2 );
insert into player (id,full_name,position,team_id) values ( 198, 'Ken Weir', 'Outfield', 1 );
insert into player (id,full_name,position,team_id) values ( 199, 'Jeremy Kent', 'Front Field', 5 );
insert into player (id,full_name,position,team_id) values ( 200, 'Christine McKenzie', 'Front Field', 5 );
insert into player (id,full_name,position,team_id) values ( 201, 'Brian Barris', 'Pitcher', 2 );
insert into player (id,full_name,position,team_id) values ( 202, 'Brian Pfeiffer', 'Catcher', 3 );
insert into player (id,full_name,position,team_id) values ( 203, 'Deanna Smith', 'Front Field', 5 );
insert into player (id,full_name,position,team_id) values ( 204, 'Ken Johnson', 'Outfield', 1 );
insert into player (id,full_name,position,team_id) values ( 205, 'Liam Barris', 'Catcher', 3 );
insert into player (id,full_name,position,team_id) values ( 206, 'Christine Pfeiffer', 'Catcher', 3 );
insert into player (id,full_name,position,team_id) values ( 207, 'Jeremy Alchin', 'Pitcher', 2 );
insert into player (id,full_name,position,team_id) values ( 208, 'Mary Thomas', 'Back Field', 4 );
insert into player (id,full_name,position,team_id) values ( 209, 'Bill Barris', 'Back Field', 4 );
insert into player (id,full_name,position,team_id) values ( 210, 'Deanna Weir', 'Catcher', 3 );
insert into player (id,full_name,position,team_id) values ( 211, 'Bill Heller', 'Pitcher', 2 );
insert into player (id,full_name,position,team_id) values ( 212, 'Karen Thomas', 'Catcher', 3 );
insert into player (id,full_name,position,team_id) values ( 213, 'Bill Weir', 'Catcher', 3 );
insert into player (id,full_name,position,team_id) values ( 214, 'Adrianne Thomas', 'Catcher', 3 );
insert into player (id,full_name,position,team_id) values ( 215, 'Brian Alchin', 'Front Field', 5 );
insert into player (id,full_name,position,team_id) values ( 216, 'Mary Grossman', 'Front Field', 5 );
insert into player (id,full_name,position,team_id) values ( 217, 'Ken Silva', 'Back Field', 4 );
insert into player (id,full_name,position,team_id) values ( 218, 'Jeremy Pfeiffer', 'Outfield', 1 );
insert into player (id,full_name,position,team_id) values ( 219, 'Adrianne Naylor', 'Pitcher', 2 );
insert into player (id,full_name,position,team_id) values ( 220, 'Ken Smith', 'Front Field', 5 );
insert into player (id,full_name,position,team_id) values ( 221, 'John Silva', 'Catcher', 3 );
insert into player (id,full_name,position,team_id) values ( 222, 'Liam Broderick', 'Catcher', 3 );
insert into player (id,full_name,position,team_id) values ( 223, 'Lynn Pfeiffer', 'Back Field', 4 );
insert into player (id,full_name,position,team_id) values ( 224, 'Steven Thomas', 'Front Field', 5 );
insert into player (id,full_name,position,team_id) values ( 225, 'Jill Smith', 'Pitcher', 2 );
insert into player (id,full_name,position,team_id) values ( 226, 'Tina Richards', 'Pitcher', 2 );
insert into player (id,full_name,position,team_id) values ( 227, 'Adrianne Gold', 'Back Field', 4 );
insert into player (id,full_name,position,team_id) values ( 228, 'Adrianne Heller', 'Back Field', 4 );
insert into player (id,full_name,position,team_id) values ( 229, 'Tom Laware', 'Back Field', 4 );
insert into player (id,full_name,position,team_id) values ( 230, 'Chris Barris', 'Catcher', 3 );
insert into player (id,full_name,position,team_id) values ( 231, 'Liam Silva', 'Front Field', 5 );
insert into player (id,full_name,position,team_id) values ( 232, 'Jill Broderick', 'Outfield', 1 );
insert into player (id,full_name,position,team_id) values ( 233, 'Tina Henderson', 'Pitcher', 2 );
insert into player (id,full_name,position,team_id) values ( 234, 'Jack Alchin', 'Catcher', 3 );
insert into player (id,full_name,position,team_id) values ( 235, 'Mary Silva', 'Front Field', 5 );
insert into player (id,full_name,position,team_id) values ( 236, 'Jill Alchin', 'Outfield', 1 );
insert into player (id,full_name,position,team_id) values ( 237, 'Jill Barris', 'Catcher', 3 );
insert into player (id,full_name,position,team_id) values ( 238, 'Jill Heller', 'Catcher', 3 );
insert into player (id,full_name,position,team_id) values ( 239, 'Chris McKenzie', 'Pitcher', 2 );
insert into player (id,full_name,position,team_id) values ( 240, 'Deanna Silva', 'Back Field', 4 );
insert into player (id,full_name,position,team_id) values ( 241, 'Jill Kent', 'Front Field', 5 );
insert into player (id,full_name,position,team_id) values ( 242, 'Jill Grossman', 'Catcher', 3 );
insert into player (id,full_name,position,team_id) values ( 243, 'Jeremy Gold', 'Outfield', 1 );
insert into player (id,full_name,position,team_id) values ( 244, 'Tina Grossman', 'Pitcher', 2 );
insert into player (id,full_name,position,team_id) values ( 245, 'Bill Thomas', 'Catcher', 3 );
insert into player (id,full_name,position,team_id) values ( 246, 'Bill Weir', 'Outfield', 1 );
insert into player (id,full_name,position,team_id) values ( 247, 'Jack Pfeiffer', 'Catcher', 3 );
insert into player (id,full_name,position,team_id) values ( 248, 'Tom Richards', 'Outfield', 1 );
insert into player (id,full_name,position,team_id) values ( 249, 'Tom Kent', 'Pitcher', 2 );
insert into player (id,full_name,position,team_id) values ( 250, 'Steven Heller', 'Outfield', 1 );

